total_loss,policy_loss,value_loss
139.51565551757812,14.415072441101074,125.10057830810547
44.88344955444336,11.392369270324707,33.49108123779297
118.85417175292969,4.05905294418335,114.79512023925781
5.704339504241943,2.7163846492767334,2.98795485496521
0.6288151741027832,-0.14932382106781006,0.7781389951705933
135.2404327392578,10.389947891235352,124.85047912597656
40.537315368652344,10.553800582885742,29.983516693115234
150.07188415527344,22.90951156616211,127.1623764038086
266.010009765625,32.283836364746094,233.72618103027344
70.32012939453125,19.482295989990234,50.83782958984375
8.639618873596191,5.160022258758545,3.4795968532562256
125.56209564208984,8.642655372619629,116.91944122314453
12.677454948425293,6.004201889038086,6.673253059387207
35.908695220947266,1.2254540920257568,34.68324279785156
53.4990234375,10.746038436889648,42.75298309326172
127.18646240234375,25.348100662231445,101.83836364746094
-1.1910982131958008,-5.850169658660889,4.659071445465088
104.60832214355469,11.76397705078125,92.84434509277344
-2.6811933517456055,-7.341025352478027,4.659832000732422
-6.1038360595703125,-11.886011123657227,5.782175064086914
-6.3223466873168945,-13.79207992553711,7.469733238220215
20.77047348022461,-5.364754676818848,26.135229110717773
-10.44760799407959,-12.136383056640625,1.6887753009796143
-10.422757148742676,-13.724174499511719,3.301417350769043
-10.483942031860352,-11.195347785949707,0.7114056348800659
-10.310590744018555,-11.923054695129395,1.6124635934829712
-10.711417198181152,-11.05024242401123,0.3388252556324005
-4.685610771179199,-5.2358551025390625,0.5502443313598633
-9.38433837890625,-10.900177955627441,1.5158393383026123
-10.55837345123291,-11.714899063110352,1.1565258502960205
-10.464258193969727,-11.04412841796875,0.5798697471618652
-3.889343738555908,-6.586838245391846,2.6974945068359375
39.62508773803711,5.681170463562012,33.94391632080078
-7.229739189147949,-8.481184005737305,1.2514448165893555
45.43158721923828,6.647956848144531,38.78363037109375
-1.7167744636535645,-3.7625794410705566,2.045804977416992
-7.624215602874756,-9.078095436096191,1.4538798332214355
-9.035603523254395,-9.266754150390625,0.23115068674087524
90.94281005859375,9.056166648864746,81.88664245605469
-0.8995673656463623,-2.0204200744628906,1.1208527088165283
106.63744354248047,-3.76400089263916,110.40144348144531
-4.963287830352783,-5.347658634185791,0.3843706250190735
-2.9628214836120605,-5.522906303405762,2.560084819793701
-1.4949513673782349,-3.071178913116455,1.5762275457382202
-0.3394867181777954,-1.006917119026184,0.6674304008483887
8.11148738861084,3.0871293544769287,5.024357795715332
-1.3249695301055908,-3.0692992210388184,1.7443296909332275
-0.0779489278793335,-0.8183587193489075,0.740409791469574
57.54044723510742,9.7200345993042,47.820411682128906
123.78411102294922,6.475794792175293,117.30831909179688
6.120542526245117,2.085080146789551,4.035462379455566
2.1358892917633057,-0.8484983444213867,2.9843876361846924
128.80633544921875,13.231094360351562,115.57524108886719
-2.9350032806396484,-3.8585143089294434,0.9235109090805054
-3.3320884704589844,-4.2749199867248535,0.9428315162658691
-2.9315576553344727,-5.87848424911499,2.9469265937805176
-4.542354106903076,-6.123834609985352,1.5814803838729858
-4.838220596313477,-6.175581455230713,1.3373609781265259
-1.1286028623580933,-2.2052183151245117,1.0766154527664185
-1.7122163772583008,-2.587571859359741,0.8753554821014404
-2.123508930206299,-3.3297500610351562,1.206241250038147
-8.669397354125977,-9.634138107299805,0.9647406339645386
59.5445556640625,11.901373863220215,47.64318084716797
0.1025857925415039,-1.5810694694519043,1.6836552619934082
82.19178771972656,9.41701889038086,72.77476501464844
-4.115187644958496,-4.738344669342041,0.6231567859649658
-4.269430160522461,-5.390982627868652,1.121552586555481
-5.639328956604004,-6.128608703613281,0.4892795979976654
-6.860125541687012,-7.28562593460083,0.42550042271614075
51.959190368652344,6.292852401733398,45.66633605957031
-4.79215669631958,-5.038708686828613,0.24655191600322723
-1.1406338214874268,-2.1208996772766113,0.9802658557891846
47.79998016357422,11.02026081085205,36.779720306396484
48.35141372680664,10.215167999267578,38.13624572753906
-4.061731338500977,-4.547950744628906,0.4862193465232849
-4.032500267028809,-4.758003234863281,0.7255029082298279
-3.79020357131958,-4.497894287109375,0.7076905965805054
39.972564697265625,3.7422218322753906,36.230342864990234
32.08726501464844,6.529542922973633,25.557720184326172
-8.022063255310059,-8.367236137390137,0.3451729714870453
-4.884883403778076,-5.257129192352295,0.3722456097602844
-6.628966331481934,-7.143721580505371,0.514755129814148
-2.647725820541382,-3.408003807067871,0.760278046131134
35.73662567138672,9.426359176635742,26.31026840209961
-1.5965040922164917,-2.688861846923828,1.0923577547073364
29.622913360595703,3.2530746459960938,26.36983871459961
-2.554480791091919,-2.876570701599121,0.3220898509025574
21.809947967529297,-5.508221626281738,27.31816864013672
-4.436324119567871,-5.015290260314941,0.5789659023284912
-3.395078420639038,-3.9573657512664795,0.5622873306274414
41.097103118896484,2.5209784507751465,38.57612609863281
-2.7060818672180176,-3.964156150817871,1.258074164390564
-4.722344875335693,-5.153097152709961,0.43075239658355713
123.53376007080078,6.806207656860352,116.72755432128906
-6.452104568481445,-6.881665229797363,0.42956048250198364
36.39399719238281,6.134848594665527,30.25914764404297
34.44630432128906,8.592107772827148,25.854198455810547
107.49064636230469,-0.5101327896118164,108.00077819824219
-5.323161602020264,-5.641028881072998,0.3178673982620239
-6.581670761108398,-6.959253311157227,0.37758249044418335
-1.8750932216644287,-2.6870198249816895,0.8119266033172607
-3.5862085819244385,-4.054656028747559,0.46844735741615295
-1.759385347366333,-2.3469433784484863,0.5875580310821533
85.19163513183594,27.03841781616211,58.15321350097656
23.04444122314453,-1.1516581773757935,24.19610023498535
-3.3853096961975098,-4.543002128601074,1.1576924324035645
43.3822021484375,7.352362632751465,36.02983856201172
-2.3793554306030273,-3.110975742340088,0.7316204309463501
-3.430471181869507,-4.031580924987793,0.6011096835136414
-6.469672203063965,-6.932272434234619,0.46260014176368713
24.886188507080078,4.661925315856934,20.22426414489746
-0.25039005279541016,-3.6793460845947266,3.4289560317993164
-5.761215686798096,-6.363385200500488,0.6021696925163269
-5.765635013580322,-5.815803050994873,0.050167880952358246
-4.289576530456543,-5.072960376739502,0.7833840250968933
22.225139617919922,8.021567344665527,14.203573226928711
-3.983922004699707,-5.114213466644287,1.1302915811538696
26.58806037902832,2.7037103176116943,23.884349822998047
-3.498570203781128,-3.9454495906829834,0.44687938690185547
-1.3654625415802002,-2.666388988494873,1.3009264469146729
-2.791781425476074,-3.8976423740386963,1.105860948562622
56.60988235473633,16.891498565673828,39.7183837890625
130.5668182373047,9.582844734191895,120.98397827148438
34.38157653808594,8.892704963684082,25.488872528076172
-3.2655928134918213,-4.182012557983398,0.9164196848869324
-0.9849766492843628,-2.3376779556274414,1.3527013063430786
-3.813851833343506,-4.266610622406006,0.45275866985321045
116.91278076171875,3.4428226947784424,113.46995544433594
-2.144049882888794,-3.388847827911377,1.244797945022583
34.18129348754883,6.883480072021484,27.297813415527344
-4.633232593536377,-5.313716888427734,0.6804842948913574
-1.0666861534118652,-4.196872234344482,3.130186080932617
-3.289133071899414,-5.963263988494873,2.674130916595459
-1.8166868686676025,-3.884016990661621,2.0673301219940186
-5.14968204498291,-5.528417587280273,0.37873536348342896
61.67844009399414,19.102489471435547,42.575950622558594
-2.8334193229675293,-4.943968772888184,2.1105494499206543
-4.428668975830078,-4.70426607131958,0.2755969762802124
-4.751941680908203,-4.901099681854248,0.14915816485881805
243.62322998046875,9.718995094299316,233.90423583984375
0.8825473785400391,-1.3961458206176758,2.278693199157715
-3.4529542922973633,-4.987995147705078,1.5350408554077148
-4.187479496002197,-4.450771331787109,0.2632918655872345
120.44379425048828,2.8749468326568604,117.56884765625
0.16934609413146973,-3.117391347885132,3.2867374420166016
-6.515488147735596,-7.258411407470703,0.7429233193397522
-3.9583852291107178,-4.4714765548706055,0.5130913257598877
6.497361660003662,-0.3210163116455078,6.81837797164917
29.4985408782959,8.918176651000977,20.580364227294922
-1.875215768814087,-3.214381694793701,1.3391659259796143
-0.950562596321106,-1.5559122562408447,0.6053496599197388
-5.005334377288818,-5.325196266174316,0.31986191868782043
58.31780242919922,10.003495216369629,48.314308166503906
0.5438811779022217,-3.305056095123291,3.8489372730255127
115.58560180664062,5.231673240661621,110.35392761230469
-5.507808208465576,-5.972590923309326,0.4647825360298157
-6.1209235191345215,-6.629053115844727,0.5081297755241394
-3.187647819519043,-4.832947254180908,1.6452993154525757
126.48979949951172,8.689430236816406,117.80036926269531
249.95046997070312,18.198774337768555,231.75169372558594
-4.929475784301758,-5.367064476013184,0.43758857250213623
-3.3609085083007812,-4.095883369445801,0.7349748611450195
60.04283905029297,18.980859756469727,41.061981201171875
1.2261152267456055,-4.662567138671875,5.8886823654174805
34.89171600341797,10.739934921264648,24.151779174804688
-2.3961739540100098,-4.126092910766602,1.7299189567565918
20.292081832885742,7.844400405883789,12.447681427001953
-1.528412938117981,-3.0344762802124023,1.5060633420944214
30.428726196289062,7.38919734954834,23.039527893066406
19.195537567138672,-1.8770170211791992,21.072555541992188
0.6423172950744629,-4.131348133087158,4.773665428161621
-2.691826820373535,-6.129590034484863,3.437763214111328
-3.7761340141296387,-5.819766044616699,2.0436320304870605
4.067339897155762,-2.0722906589508057,6.139630317687988
0.6697638034820557,-0.10236239433288574,0.7721261978149414
-4.88391637802124,-5.619586944580078,0.7356705665588379
-5.046633243560791,-5.187225341796875,0.14059215784072876
129.69366455078125,5.990719795227051,123.70294189453125
-4.94697904586792,-5.303125381469727,0.35614627599716187
128.92625427246094,6.896075248718262,122.03018188476562
-5.4701056480407715,-6.102546691894531,0.6324411630630493
-3.4851441383361816,-3.9680991172790527,0.48295485973358154
-4.198790550231934,-4.522365093231201,0.3235744833946228
22.502880096435547,4.255505084991455,18.24737548828125
-5.407983303070068,-5.579495429992676,0.17151233553886414
5.4571075439453125,-1.698244333267212,7.1553521156311035
2.09745454788208,0.6585707664489746,1.438883662223816
1.1922014951705933,-0.43699753284454346,1.6291990280151367
-3.575497627258301,-5.736149787902832,2.1606521606445312
-2.906714677810669,-3.608802318572998,0.7020875811576843
-4.41282844543457,-5.231658935546875,0.8188307285308838
-3.217005491256714,-3.499701499938965,0.282696008682251
8.715936660766602,1.4168822765350342,7.299054145812988
-6.670310020446777,-6.917934894561768,0.2476247251033783
-5.070786476135254,-6.348379135131836,1.277592420578003
-2.9041919708251953,-3.5878424644470215,0.6836504936218262
-0.43596094846725464,-1.2116858959197998,0.7757249474525452
-5.769805431365967,-5.8504767417907715,0.08067148923873901
124.03761291503906,3.45135498046875,120.58625793457031
129.19630432128906,8.47953987121582,120.71676635742188
-2.260995388031006,-2.562898635864258,0.3019033670425415
-4.2774271965026855,-4.466470718383789,0.18904370069503784
-5.902716159820557,-6.151724815368652,0.24900886416435242
25.57579231262207,9.184579849243164,16.391212463378906
-5.580203533172607,-6.074655532836914,0.4944518506526947
-2.7569921016693115,-3.3753342628479004,0.6183421611785889
-3.6986727714538574,-6.1931867599487305,2.494513988494873
-2.6787116527557373,-3.173361301422119,0.49464958906173706
-6.344823360443115,-6.4859185218811035,0.14109526574611664
-3.468167304992676,-5.166491985321045,1.6983245611190796
-4.956061840057373,-5.1339263916015625,0.177864670753479
22.83225440979004,8.989181518554688,13.843072891235352
-4.051626205444336,-4.920078754425049,0.8684523105621338
-5.59429407119751,-6.459275245666504,0.8649812936782837
1.3568837642669678,-3.8892033100128174,5.246087074279785
-4.846984386444092,-5.281579494476318,0.43459513783454895
-1.3922463655471802,-3.232612133026123,1.8403657674789429
-4.614040851593018,-5.600919723510742,0.9868788719177246
-4.267936706542969,-4.580739974975586,0.3128032088279724
-5.629115581512451,-6.041620254516602,0.4125048518180847
-4.501235485076904,-4.761921405792236,0.26068586111068726
-4.43839693069458,-4.668697357177734,0.2303002029657364
17.37504005432129,1.8490097522735596,15.526029586791992
9.027905464172363,-0.7123405933380127,9.740245819091797
-4.755558490753174,-5.613411903381348,0.8578532934188843
-2.6459522247314453,-3.5030405521392822,0.8570884466171265
133.97906494140625,11.869049072265625,122.11001586914062
-3.850961208343506,-4.10188102722168,0.2509196996688843
376.23150634765625,32.333457946777344,343.8980407714844
-3.8687119483947754,-4.123030662536621,0.2543187737464905
-3.6314480304718018,-3.793989419937134,0.16254130005836487
3.1672167778015137,-3.391547203063965,6.5587639808654785
-1.2688102722167969,-4.875083923339844,3.606273651123047
124.41497802734375,7.866671085357666,116.54830932617188
-0.42425763607025146,-1.591976523399353,1.1677188873291016
2.404770851135254,-2.605897903442383,5.010668754577637
-1.2204375267028809,-6.272541046142578,5.052103519439697
0.07601356506347656,-4.007606506347656,4.083620071411133
-0.5408210754394531,-4.62474250793457,4.083921432495117
5.280998229980469,-2.330589771270752,7.611588001251221
5.044140815734863,-1.3482520580291748,6.392393112182617
19.43815040588379,3.325369358062744,16.112781524658203
-1.7267005443572998,-3.9829039573669434,2.2562034130096436
-0.8714241981506348,-1.4761122465133667,0.6046880483627319
-2.2834956645965576,-3.1555871963500977,0.8720915913581848
54.8172607421875,18.7363338470459,36.08092498779297
-2.681283712387085,-2.9456448554992676,0.26436111330986023
17.953907012939453,9.667784690856934,8.286121368408203
135.63734436035156,11.47442626953125,124.16291809082031
-4.557010173797607,-5.351090908050537,0.7940807342529297
18.9919490814209,8.922183990478516,10.069765090942383
8.08509635925293,0.5733482837677002,7.51174783706665
146.68882751464844,16.616533279418945,130.07229614257812
17.804346084594727,6.261612892150879,11.542733192443848
-3.43635630607605,-4.1168437004089355,0.6804874539375305
-4.5806684494018555,-4.735822677612305,0.1551543027162552
-0.47736239433288574,-2.2271463871002197,1.749783992767334
44.149383544921875,19.554738998413086,24.594642639160156
-3.7150840759277344,-5.196948051452637,1.4818638563156128
-1.2777460813522339,-1.5419049263000488,0.26415884494781494
-3.3798203468322754,-4.594398021697998,1.214577555656433
-0.9277826547622681,-1.5639259815216064,0.6361433267593384
-0.5242547988891602,-0.9750074744224548,0.4507526755332947
4.613123893737793,-0.8483506441116333,5.461474418640137
-3.633242607116699,-4.934206962585449,1.30096435546875
11.378040313720703,1.639712929725647,9.738327026367188
127.43260192871094,9.513151168823242,117.91944885253906
65.53779602050781,12.706298828125,52.83149719238281
0.9054727554321289,-0.06633138656616211,0.971804141998291
-3.6258630752563477,-3.8461806774139404,0.22031766176223755
-2.6806178092956543,-2.9404985904693604,0.25988081097602844
-4.139591693878174,-5.566432952880859,1.426841378211975
-4.302049160003662,-5.633563041687012,1.3315138816833496
-0.2762945890426636,-1.5345405340194702,1.2582459449768066
-0.7767691612243652,-3.341111660003662,2.564342498779297
2.6445765495300293,-0.10978454351425171,2.754361152648926
-0.41245150566101074,-2.1447300910949707,1.73227858543396
0.12176752090454102,-1.986699104309082,2.108466625213623
0.6448195576667786,0.10411930084228516,0.5407002568244934
-1.9955625534057617,-2.8893966674804688,0.893834114074707
-3.0113844871520996,-3.4532158374786377,0.44183140993118286
-4.0094428062438965,-4.0723114013671875,0.06286875903606415
-4.192132472991943,-4.593384265899658,0.40125173330307007
-4.722592830657959,-5.499743461608887,0.7771506309509277
-5.908257007598877,-6.091020107269287,0.18276292085647583
7.631191253662109,0.13732443749904633,7.493866920471191
127.32420349121094,5.3458571434021,121.97834777832031
-4.081032752990723,-4.334066390991211,0.2530333995819092
-2.3718292713165283,-3.0900168418884277,0.7181875109672546
-4.556759357452393,-4.582704544067383,0.02594512701034546
-3.4749755859375,-3.540038824081421,0.06506331264972687
-0.1912989616394043,-1.4858627319335938,1.2945637702941895
2.642632246017456,-2.226747751235962,4.869379997253418
-0.2660646438598633,-2.282520294189453,2.01645565032959
-3.6007080078125,-4.599099636077881,0.9983917474746704
-3.1630148887634277,-3.869259834289551,0.7062448263168335
-1.9166268110275269,-2.7820355892181396,0.8654087781906128
2.789064407348633,1.9068715572357178,0.8821927905082703
18.11859893798828,3.622652053833008,14.49594783782959
-3.6720385551452637,-3.7025723457336426,0.03053382970392704
-1.295917272567749,-3.218090295791626,1.922173023223877
7.699390411376953,1.0802230834960938,6.619167327880859
-2.3258919715881348,-2.4074013233184814,0.08150942623615265
22.15679931640625,11.755260467529297,10.401538848876953
-2.880333423614502,-3.741593837738037,0.8612605333328247
2.760829448699951,2.022289276123047,0.7385401725769043
-3.0424602031707764,-3.3744606971740723,0.3320004343986511
-1.0241742134094238,-1.1794514656066895,0.1552772969007492
50.09381103515625,22.491901397705078,27.60190773010254
13.591236114501953,3.7167856693267822,9.87445068359375
-1.6790720224380493,-2.366865396499634,0.6877933740615845
128.00009155273438,9.296226501464844,118.703857421875
-0.6632250547409058,-2.0315465927124023,1.3683215379714966
3.270442247390747,-1.8291137218475342,5.099555969238281
-2.3576908111572266,-2.7344415187835693,0.376750648021698
-0.3492523729801178,-0.5887987613677979,0.23954638838768005
0.24740350246429443,-1.3315790891647339,1.5789825916290283
0.9431662559509277,-1.9501557350158691,2.893321990966797
-2.2819790840148926,-2.7446086406707764,0.46262961626052856
-3.9361472129821777,-5.065881729125977,1.1297346353530884
-0.1550002098083496,-1.475665807723999,1.3206655979156494
17.097463607788086,9.654450416564941,7.443012714385986
-1.5729753971099854,-2.0709774494171143,0.4980021119117737
0.35885417461395264,-1.324073076248169,1.6829272508621216
-0.8746268153190613,-1.2633036375045776,0.38867682218551636
128.5068359375,9.974871635437012,118.5319595336914
-3.248505115509033,-3.264040470123291,0.015535358339548111
10.908615112304688,1.7167038917541504,9.191911697387695
0.8921548128128052,0.5033752918243408,0.38877949118614197
-1.6510335206985474,-2.327228307723999,0.6761947870254517
11.201757431030273,4.757612228393555,6.4441447257995605
1.3592109680175781,0.7939339876174927,0.5652769804000854
-4.754220008850098,-4.802270889282227,0.0480506606400013
-2.375823974609375,-2.4419238567352295,0.06609988957643509
0.009785383939743042,-0.09211298823356628,0.10189837217330933
8.630863189697266,1.704757571220398,6.926105976104736
-2.370267629623413,-3.385310649871826,1.015043020248413
5.832134246826172,0.513847827911377,5.318286418914795
12.261343002319336,2.452411651611328,9.808931350708008
6.699244499206543,1.0421068668365479,5.657137870788574
-4.359732151031494,-4.423220157623291,0.06348799169063568
3.0149331092834473,-0.21286189556121826,3.227795124053955
129.92489624023438,10.125258445739746,119.79963684082031
-1.3300700187683105,-2.4241771697998047,1.0941071510314941
1.18861722946167,-1.0684237480163574,2.2570409774780273
-1.794175386428833,-2.3165268898010254,0.5223515629768372
0.6118297576904297,-1.168426275253296,1.7802560329437256
0.7714561223983765,-1.764090657234192,2.5355467796325684
-2.0375893115997314,-3.009718656539917,0.9721294045448303
4.074722766876221,-0.965847373008728,5.040570259094238
-1.4598743915557861,-1.7372338771820068,0.2773595154285431
-2.2705488204956055,-2.995814323425293,0.7252655029296875
-0.6756560802459717,-2.197699546813965,1.5220434665679932
1.0925133228302002,0.7220940589904785,0.37041932344436646
5.185066223144531,1.4470610618591309,3.7380049228668213
-4.2607879638671875,-4.307195663452148,0.046407461166381836
3.8218202590942383,-1.1188362836837769,4.940656661987305
-2.1156609058380127,-2.2219457626342773,0.10628495365381241
135.79603576660156,12.064276695251465,123.73176574707031
-0.8120472431182861,-0.87433922290802,0.0622919499874115
21.354896545410156,9.009564399719238,12.345333099365234
-1.36536705493927,-2.2346746921539307,0.8693076372146606
-0.5399370193481445,-1.8954603672027588,1.3555233478546143
-3.6497600078582764,-3.7286548614501953,0.07889476418495178
1.4253370761871338,-0.6589416861534119,2.0842788219451904
11.241643905639648,1.461686134338379,9.77995777130127
52.842811584472656,10.879629135131836,41.96318054199219
0.7330145835876465,-1.2932939529418945,2.026308536529541
1.0972926616668701,0.7669504284858704,0.33034223318099976
6.667844772338867,1.092777967453003,5.575066566467285
3.0935263633728027,0.19142436981201172,2.902101993560791
-2.603609323501587,-3.495486259460449,0.8918769359588623
2.398463726043701,2.149261951446533,0.24920187890529633
-2.9281363487243652,-3.0019612312316895,0.07382489740848541
-3.0835657119750977,-3.1808552742004395,0.09728945046663284
-0.6200428009033203,-1.9346256256103516,1.3145828247070312
-0.40598785877227783,-0.9603115916252136,0.5543237328529358
18.023256301879883,11.637350082397461,6.38590669631958
-0.5893560647964478,-1.995639681816101,1.4062836170196533
3.4565417766571045,-1.7394721508026123,5.196013927459717
-0.36961066722869873,-2.108849287033081,1.7392386198043823
-0.2912234663963318,-0.8205385804176331,0.5293151140213013
-3.3781256675720215,-3.7967371940612793,0.4186115264892578
-3.489016056060791,-3.545051336288452,0.056035399436950684
2.3320372104644775,2.0965805053710938,0.23545673489570618
4.116258144378662,1.317222237586975,2.7990360260009766
3.295015811920166,-1.7053877115249634,5.00040340423584
-2.754909038543701,-2.805522918701172,0.05061386525630951
-3.1535139083862305,-3.4537014961242676,0.30018749833106995
0.04880785942077637,-1.5482146739959717,1.597022533416748
14.109169006347656,10.022113800048828,4.087055206298828
127.89149475097656,9.263164520263672,118.62832641601562
-3.9210009574890137,-4.128976821899414,0.2079758197069168
127.37537384033203,8.103903770446777,119.27146911621094
-2.7943923473358154,-2.8556904792785645,0.061298128217458725
-2.069504976272583,-2.492183208465576,0.42267823219299316
-0.13971471786499023,-1.9256808757781982,1.785966157913208
7.751214504241943,1.2950215339660645,6.456192970275879
-2.216515064239502,-2.739826202392578,0.5233110785484314
0.11889410018920898,-1.6453428268432617,1.7642369270324707
-1.796816110610962,-2.6943917274475098,0.8975755572319031
-1.2138400077819824,-1.9975175857543945,0.7836776375770569
131.393310546875,13.364856719970703,118.02845764160156
-1.256784439086914,-1.365128993988037,0.10834449529647827
-1.318387746810913,-2.2631144523620605,0.9447267055511475
-3.433183431625366,-3.450913429260254,0.01773003302514553
14.818732261657715,11.374476432800293,3.444255828857422
-2.4147565364837646,-3.030109405517578,0.6153529286384583
125.14535522460938,7.912524223327637,117.23283386230469
-1.438883900642395,-1.5139890909194946,0.07510514557361603
-2.5657429695129395,-3.17895770072937,0.6132148504257202
-1.2570490837097168,-1.766349196434021,0.5093001127243042
-2.6899375915527344,-3.1855363845825195,0.4955986738204956
128.8856964111328,10.515913963317871,118.36978149414062
0.8854682445526123,-0.8463790416717529,1.7318472862243652
-4.133444309234619,-4.202937126159668,0.06949292123317719
4.136496543884277,-0.859410285949707,4.995906829833984
-2.8263587951660156,-2.8788845539093018,0.052525799721479416
-0.449616014957428,-0.5709710121154785,0.12135498225688934
-1.736088752746582,-2.633993148803711,0.8979043960571289
-1.70543372631073,-2.686274528503418,0.980840802192688
126.16986083984375,8.376999855041504,117.79286193847656
-3.398895502090454,-3.9371860027313232,0.5382904410362244
-2.554973602294922,-2.638444423675537,0.08347079157829285
134.42532348632812,13.188457489013672,121.23686218261719
1.6781840324401855,1.402388334274292,0.2757956385612488
-1.5598877668380737,-1.6536903381347656,0.0938025414943695
-0.8372718095779419,-0.9371556639671326,0.09988385438919067
52.95989990234375,22.273157119750977,30.686744689941406
-3.1129114627838135,-3.216691493988037,0.10378008335828781
16.135156631469727,12.676955223083496,3.4582009315490723
-3.223403215408325,-3.2886886596679688,0.06528539955615997
-3.0891366004943848,-4.425106048583984,1.3359694480895996
-1.8283706903457642,-3.042329788208008,1.2139590978622437
-1.1166012287139893,-2.4444408416748047,1.3278396129608154
-1.442237377166748,-2.8984808921813965,1.4562435150146484
-0.5532997846603394,-0.7530394792556763,0.1997397243976593
17.52632713317871,13.054288864135742,4.472038745880127
1.6354331970214844,1.2240805625915527,0.41135263442993164
5.925229072570801,0.026202857494354248,5.899026393890381
129.68020629882812,10.614381790161133,119.06582641601562
-2.655252695083618,-3.5080904960632324,0.8528377413749695
-1.4066026210784912,-2.4666383266448975,1.0600357055664062
0.23038733005523682,-1.4212744235992432,1.65166175365448
-2.3314056396484375,-2.9776878356933594,0.6462821960449219
-2.9688334465026855,-3.3291778564453125,0.3603445291519165
128.2240447998047,9.924654960632324,118.29939270019531
0.21771705150604248,-1.024485468864441,1.2422025203704834
-3.248708724975586,-3.5794155597686768,0.3307068645954132
-1.4264795780181885,-2.2786738872528076,0.8521942496299744
132.27395629882812,11.339153289794922,120.93480682373047
1.16208815574646,-1.098679780960083,2.260767936706543
-1.8153719902038574,-1.900019884109497,0.08464783430099487
135.3694305419922,12.848577499389648,122.52085876464844
-0.8502249717712402,-0.9825021624565125,0.1322772204875946
-2.9476661682128906,-3.048158645629883,0.10049240291118622
-3.0968284606933594,-4.170864105224609,1.0740355253219604
-1.8559849262237549,-3.227059841156006,1.371074914932251
-2.2291834354400635,-3.321904182434082,1.0927207469940186
0.13191628456115723,-2.4657037258148193,2.5976200103759766
-1.8520790338516235,-1.9732263088226318,0.1211472898721695
-1.4478727579116821,-1.5208858251571655,0.073013074696064
-2.777071714401245,-2.8190205097198486,0.04194874316453934
-1.8310256004333496,-3.1232662200927734,1.2922406196594238
-0.2006474733352661,-1.9291151762008667,1.7284677028656006
-2.897745132446289,-3.90421724319458,1.0064719915390015
-2.2388827800750732,-3.249166488647461,1.0102837085723877
0.15414047241210938,-1.7917288541793823,1.9458693265914917
-3.356276035308838,-3.436619997024536,0.08034396171569824
-2.6109352111816406,-3.3432042598724365,0.7322691082954407
1.3134181499481201,1.0435248613357544,0.2698932886123657
-3.4322080612182617,-3.4512147903442383,0.019006621092557907
-3.5993824005126953,-3.777160882949829,0.17777857184410095
-2.967968702316284,-3.3757412433624268,0.4077724814414978
-2.7562060356140137,-3.4980077743530273,0.7418018579483032
-1.719143033027649,-1.7417230606079102,0.022580057382583618
-2.1958818435668945,-2.2174978256225586,0.021616000682115555
11.942695617675781,3.3266377449035645,8.616057395935059
3.259979248046875,2.3447511196136475,0.9152280688285828
124.91177368164062,7.001951694488525,117.90982055664062
-1.536189079284668,-2.3653392791748047,0.8291501998901367
-2.332900047302246,-2.9799880981445312,0.6470881700515747
-2.222471237182617,-2.8436896800994873,0.6212183237075806
-1.7973735332489014,-2.5118155479431152,0.7144420146942139
11.633264541625977,7.536577224731445,4.096687316894531
-1.049462080001831,-1.8100509643554688,0.7605888843536377
22.77315330505371,17.915729522705078,4.857423782348633
-3.1751837730407715,-3.6809911727905273,0.5058075189590454
-1.4041682481765747,-2.142397165298462,0.7382289171218872
141.65940856933594,17.25156593322754,124.4078369140625
1.2963612079620361,-0.8790364265441895,2.1753976345062256
-0.31805288791656494,-1.777488350868225,1.4594354629516602
2.7684473991394043,-0.11789655685424805,2.8863439559936523
-0.8052303791046143,-1.842307448387146,1.0370770692825317
-1.7922254800796509,-2.774514675140381,0.98228919506073
2.3474888801574707,2.051546573638916,0.29594236612319946
4.315716743469238,1.1656115055084229,3.1501049995422363
-0.08791005611419678,-2.0423312187194824,1.9544211626052856
-0.20011425018310547,-1.4566566944122314,1.256542444229126
6.466541767120361,0.44547903537750244,6.021062850952148
-2.603757381439209,-3.419715404510498,0.8159580230712891
-0.5167442560195923,-1.3235350847244263,0.806790828704834
-3.793790817260742,-3.828906536102295,0.035115599632263184
268.1494140625,26.921810150146484,241.22760009765625
-1.1846457719802856,-2.0834736824035645,0.8988279104232788
-1.3642656803131104,-1.4093817472457886,0.04511605575680733
0.5875518321990967,-1.644669532775879,2.2322213649749756
-2.460047483444214,-2.5278127193450928,0.06776527315378189
17.288597106933594,5.877089023590088,11.411508560180664
3.2859303951263428,1.239288330078125,2.0466420650482178
4.808127403259277,-1.396327257156372,6.20445442199707
-3.868819236755371,-3.9947235584259033,0.12590432167053223
2.98150634765625,-0.5058776140213013,3.4873838424682617
-0.1630086898803711,-2.4183425903320312,2.25533390045166
15.479826927185059,11.456304550170898,4.02352237701416
129.10047912597656,10.407499313354492,118.69298553466797
-2.1073405742645264,-3.0490427017211914,0.9417021870613098
0.6445051431655884,-1.6404284238815308,2.284933567047119
130.63641357421875,11.778512001037598,118.85790252685547
-2.5352187156677246,-3.651297092437744,1.11607825756073
0.9289222359657288,0.7843974828720093,0.14452476799488068
-1.8217084407806396,-3.099425792694092,1.2777173519134521
-4.997871398925781,-5.050484657287598,0.05261348932981491
-3.9116718769073486,-3.990699291229248,0.07902747392654419
8.209566116333008,7.767738342285156,0.44182804226875305
-3.0633351802825928,-3.099059581756592,0.03572431951761246
130.7945098876953,11.068441390991211,119.72607421875
1.530458688735962,-0.5945517420768738,2.1250104904174805
-1.7868448495864868,-1.8255894184112549,0.03874457627534866
-1.589289665222168,-1.7345765829086304,0.14528688788414001
131.6544952392578,12.243017196655273,119.41148376464844
1.270134687423706,-0.975845992565155,2.245980739593506
0.710532546043396,-0.2772989273071289,0.9878314733505249
-2.0726797580718994,-2.189830780029297,0.11715100705623627
0.8886797428131104,-1.5596754550933838,2.448355197906494
-0.3258204460144043,-2.807102680206299,2.4812822341918945
0.052933454513549805,-2.666735887527466,2.7196693420410156
-1.3716349601745605,-2.623387575149536,1.2517526149749756
0.17430424690246582,-1.724382996559143,1.8986872434616089
-1.3746836185455322,-2.1748290061950684,0.8001453280448914
-0.3882301151752472,-0.8665271401405334,0.47829702496528625
127.5223159790039,8.90068244934082,118.62163543701172
-2.376075267791748,-2.836960554122925,0.46088528633117676
-0.048940420150756836,-1.763444423675537,1.7145040035247803
128.77362060546875,9.784460067749023,118.98916625976562
124.7345962524414,6.482141971588135,118.25245666503906
0.8828458786010742,-0.49723267555236816,1.3800785541534424
4.712836265563965,-0.8858615159988403,5.598697662353516
-3.549374580383301,-4.416419982910156,0.8670452833175659
-0.4859445095062256,-1.6040074825286865,1.118062973022461
1.6872875690460205,1.5668582916259766,0.12042930722236633
-2.1771576404571533,-3.0526552200317383,0.875497579574585
-3.115388870239258,-3.7572708129882812,0.641882061958313
-0.740928590297699,-0.8596704006195068,0.11874178797006607
-2.841360569000244,-2.882505416870117,0.041144758462905884
-2.509843111038208,-2.5511727333068848,0.04132971167564392
-3.151742696762085,-3.574087619781494,0.4223449230194092
-4.061230182647705,-4.138514518737793,0.07728419452905655
-3.4051833152770996,-3.4304721355438232,0.025288712233304977
-3.8339905738830566,-4.207413196563721,0.37342262268066406
-4.1324076652526855,-4.150217056274414,0.01780959591269493
-2.775364875793457,-2.8053956031799316,0.03003069758415222
-1.5838282108306885,-2.3751113414764404,0.791283130645752
-3.5003771781921387,-3.5512943267822266,0.05091722682118416
11.31693172454834,8.427334785461426,2.889596939086914
-3.0063271522521973,-3.521700859069824,0.515373706817627
-1.4851264953613281,-1.5201587677001953,0.035032324492931366
7.936698913574219,2.0360677242279053,5.900630950927734
-0.2005927562713623,-2.0667784214019775,1.8661856651306152
-0.7900700569152832,-2.136345148086548,1.3462750911712646
132.21676635742188,9.430948257446289,122.78581237792969
135.01214599609375,13.341451644897461,121.67069244384766
4.13911247253418,-0.6323347091674805,4.77144718170166
-3.4582180976867676,-3.9575071334838867,0.4992890954017639
-0.5934054851531982,-0.6598944067955017,0.06648889183998108
1.5135509967803955,-0.8291652202606201,2.3427162170410156
19.178497314453125,12.851280212402344,6.327217102050781
0.9291274547576904,-1.5794861316680908,2.5086135864257812
-2.030121326446533,-2.1569135189056396,0.12679222226142883
1.2935454845428467,-0.5367628931999207,1.830308437347412
0.8179636001586914,-2.0210323333740234,2.838995933532715
2.852949857711792,0.36648303270339966,2.486466884613037
-0.5635536909103394,-2.191290855407715,1.6277371644973755
127.02978515625,11.819581031799316,115.210205078125
4.411921501159668,-0.8234119415283203,5.235333442687988
-2.331094264984131,-2.603867530822754,0.27277326583862305
-1.33123779296875,-2.576937198638916,1.245699405670166
-3.608640670776367,-3.6535446643829346,0.044903915375471115
-2.028803825378418,-3.1212570667266846,1.092453122138977
0.0049713850021362305,-1.8007255792617798,1.805696964263916
-2.2496137619018555,-2.3692691326141357,0.1196553185582161
11.197502136230469,3.371318817138672,7.826182842254639
-3.8759825229644775,-3.917487144470215,0.04150468856096268
5.872036457061768,0.24353551864624023,5.628500938415527
15.605978012084961,10.624588966369629,4.981389045715332
-1.9055335521697998,-2.7417092323303223,0.8361756205558777
-1.424438714981079,-2.091999053955078,0.6675603985786438
2.364931583404541,-0.7657256126403809,3.130657196044922
124.95094299316406,6.328112602233887,118.62283325195312
-3.4467368125915527,-3.4652178287506104,0.01848098635673523
-0.2600066661834717,-0.4141353964805603,0.15412873029708862
-0.7820742130279541,-1.3313448429107666,0.5492706298828125
-3.557415723800659,-3.9569430351257324,0.399527370929718
-1.808962345123291,-2.580995798110962,0.7720334529876709
-0.31880056858062744,-1.6587797403335571,1.3399791717529297
6.39725399017334,1.2800688743591309,5.117185115814209
5.0010223388671875,-0.6874134540557861,5.6884355545043945
-1.4364093542099,-1.4998146295547485,0.06340531259775162
-2.7842864990234375,-2.8080759048461914,0.023789366707205772
-3.4003806114196777,-3.729562997817993,0.3291824162006378
1.7476752996444702,0.5757967233657837,1.1718785762786865
122.14840698242188,5.189181327819824,116.959228515625
-1.2566227912902832,-1.4388818740844727,0.18225908279418945
-2.1916158199310303,-2.294868230819702,0.10325245559215546
4.598706245422363,3.0719423294067383,1.526763677597046
-1.4702112674713135,-2.6501808166503906,1.1799695491790771
-2.388613224029541,-3.336122512817383,0.9475091695785522
-0.8813347816467285,-2.2995617389678955,1.418226957321167
-1.875446081161499,-2.766918420791626,0.891472339630127
-0.8988125324249268,-0.9854822754859924,0.08666977286338806
-2.605541706085205,-3.4472522735595703,0.8417106866836548
4.4166765213012695,-1.240484356880188,5.657160758972168
-2.180218458175659,-3.0568456649780273,0.8766272068023682
5.905993461608887,-0.23490339517593384,6.140896797180176
-3.985520362854004,-4.337489128112793,0.3519688844680786
4.11197566986084,-1.0538603067398071,5.165835857391357
129.44052124023438,8.405479431152344,121.03504180908203
4.630793571472168,4.268002986907959,0.3627905547618866
-3.8936049938201904,-3.950547218322754,0.056942135095596313
1.2327666282653809,-0.24710673093795776,1.4798732995986938
118.44371032714844,3.1007261276245117,115.34298706054688
-3.604734420776367,-3.684314012527466,0.0795796662569046
-2.680360794067383,-2.713582992553711,0.033222176134586334
125.91065979003906,8.181761741638184,117.72889709472656
-0.5433182716369629,-2.2962520122528076,1.7529337406158447
-0.7041535377502441,-2.643399953842163,1.939246416091919
-2.1208736896514893,-3.451305389404297,1.3304316997528076
2.827058792114258,1.9208362102508545,0.9062226414680481
-2.1760635375976562,-3.615668773651123,1.4396051168441772
-2.7693870067596436,-2.808182716369629,0.038795821368694305
-0.4295312166213989,-2.0382678508758545,1.6087366342544556
-3.1107187271118164,-3.9584193229675293,0.8477005958557129
3.833202600479126,-1.0202834606170654,4.853486061096191
-2.5176010131835938,-2.6234917640686035,0.10589063167572021
-3.131974220275879,-3.6524925231933594,0.52051842212677
-3.4891250133514404,-3.929947853088379,0.44082289934158325
119.80363464355469,2.4409213066101074,117.36271667480469
7.24762487411499,0.9919133186340332,6.255711555480957
-2.3390698432922363,-2.82065749168396,0.4815877079963684
-2.991736888885498,-3.0245275497436523,0.032790664583444595
5.324764251708984,-0.29977506399154663,5.624539375305176
0.7127645015716553,-1.244809865951538,1.9575743675231934
-0.6251295804977417,-1.7639297246932983,1.1388001441955566
-2.5271573066711426,-3.258972644805908,0.7318153381347656
-3.815929651260376,-3.8292922973632812,0.0133627038449049
0.6186623573303223,-2.2602317333221436,2.878894090652466
-1.7141101360321045,-2.3869261741638184,0.6728160381317139
-1.0297874212265015,-1.67445707321167,0.6446696519851685
11.093986511230469,2.851567268371582,8.242419242858887
0.07967710494995117,-1.4238297939300537,1.5035068988800049
-1.39681077003479,-3.2316977977752686,1.8348870277404785
5.217385292053223,5.10339879989624,0.11398648470640182
-0.7964072227478027,-2.4489052295684814,1.6524980068206787
-0.8792128562927246,-2.6545348167419434,1.7753219604492188
-2.02058744430542,-2.8346571922302246,0.8140698671340942
-1.0317121744155884,-1.1900668144226074,0.15835466980934143
-1.3780109882354736,-2.089357852935791,0.7113468647003174
-1.119170904159546,-1.7271995544433594,0.6080286502838135
-2.532095432281494,-2.845656394958496,0.31356102228164673
-0.371984601020813,-0.6086655855178833,0.2366809993982315
0.7555865049362183,0.46656644344329834,0.2890200912952423
8.752418518066406,2.2316009998321533,6.520817756652832
-0.7484559416770935,-1.4470974206924438,0.6986414790153503
138.06356811523438,13.37585163116455,124.68771362304688
1.4058291912078857,1.1225550174713135,0.28327423334121704
-1.657170057296753,-1.68651282787323,0.029342753812670708
3.7283871173858643,0.941796064376831,2.786591053009033
-1.290564775466919,-2.6461284160614014,1.3555636405944824
122.19902801513672,6.919169902801514,115.27986145019531
-2.8702352046966553,-3.8016228675842285,0.9313876628875732
-2.3300867080688477,-3.0075523853302,0.6774657368659973
-0.8526442050933838,-1.818280577659607,0.9656363725662231
0.913546085357666,0.6957007646560669,0.21784529089927673
257.94708251953125,24.470447540283203,233.4766387939453
-0.5892974138259888,-2.234123706817627,1.6448262929916382
-1.5121779441833496,-1.8472785949707031,0.3351006507873535
5.291274547576904,-0.25201231241226196,5.5432868003845215
2.187072515487671,-0.9025058150291443,3.08957839012146
139.47637939453125,14.302942276000977,125.17343139648438
-1.792448878288269,-3.3634490966796875,1.5710002183914185
-0.320548415184021,-1.8790053129196167,1.5584568977355957
-2.650557041168213,-2.735236167907715,0.08467914164066315
-0.7782840728759766,-2.339027166366577,1.5607430934906006
-2.845808506011963,-2.913789749145508,0.06798120588064194
6.380343914031982,-0.04877936840057373,6.429123401641846
-2.853144645690918,-3.972762107849121,1.1196174621582031
-0.2891668379306793,-0.3997560143470764,0.11058918386697769
-0.3283103108406067,-0.5135480165481567,0.18523770570755005
3.950428009033203,0.5294151902198792,3.4210128784179688
16.641151428222656,10.037784576416016,6.603366374969482
0.40465056896209717,-1.1294554471969604,1.5341060161590576
0.2689920663833618,-1.2667381763458252,1.535730242729187
-2.5412096977233887,-3.0242998600006104,0.4830901026725769
-3.6868443489074707,-4.056975364685059,0.3701310157775879
-3.5176680088043213,-3.572847843170166,0.0551799051463604
-0.7582144737243652,-1.8142125606536865,1.0559980869293213
0.32090526819229126,-0.9374757409095764,1.2583810091018677
-3.27067494392395,-3.46056866645813,0.1898936927318573
-4.112935543060303,-4.252854347229004,0.13991877436637878
-2.595045566558838,-3.331789493560791,0.7367439270019531
-0.934088945388794,-2.974855422973633,2.040766477584839
-1.0831208229064941,-1.879321813583374,0.7962009906768799
10.971212387084961,5.410604000091553,5.560608863830566
-2.839106321334839,-3.025578022003174,0.18647173047065735
-0.6186349391937256,-0.6879892349243164,0.06935430318117142
-3.274442195892334,-3.440516710281372,0.16607442498207092
-2.689274311065674,-2.920503616333008,0.23122936487197876
1.2597670555114746,-0.1454298496246338,1.4051969051361084
15.352108001708984,9.748411178588867,5.603696823120117
6.002607822418213,0.6510348320007324,5.3515729904174805
-1.6116080284118652,-1.6217037439346313,0.010095666162669659
-1.002192497253418,-1.0986963510513306,0.09650388360023499
131.27224731445312,11.061455726623535,120.21078491210938
-0.7253899574279785,-2.3312788009643555,1.605888843536377
7.822754859924316,2.366380214691162,5.456374645233154
0.004491925239562988,-1.361809253692627,1.36630117893219
13.93463134765625,8.893171310424805,5.0414605140686035
0.44537782669067383,-1.2638959884643555,1.7092738151550293
3.1543655395507812,2.2238759994506836,0.9304895401000977
132.94998168945312,12.925735473632812,120.02424621582031
-0.841187059879303,-1.7773860692977905,0.9361990094184875
0.40498781204223633,-0.707535982131958,1.1125237941741943
-1.4971017837524414,-1.5591973066329956,0.06209554523229599
127.4332504272461,9.992162704467773,117.44108581542969
-0.08861088752746582,-2.797276496887207,2.708665609359741
-3.6049768924713135,-3.6282737255096436,0.023296792060136795
-0.27066570520401,-0.3222340941429138,0.051568403840065
-0.15641522407531738,-1.2647218704223633,1.108306646347046
-2.6625328063964844,-2.735938549041748,0.07340562343597412
4.420275688171387,-1.0624076128005981,5.482683181762695
0.7974874973297119,-0.5356974601745605,1.3331849575042725
130.25830078125,13.128133773803711,117.13017272949219
128.5184326171875,10.007164001464844,118.51126098632812
-2.669886350631714,-3.805518388748169,1.135632038116455
-2.692251443862915,-2.84664249420166,0.15439113974571228
-1.5534677505493164,-2.4577128887176514,0.9042451977729797
-2.0179476737976074,-3.1696696281433105,1.1517219543457031
122.80274200439453,6.860348224639893,115.94239044189453
134.2053680419922,11.146039009094238,123.059326171875
15.810571670532227,8.63709831237793,7.173473358154297
-1.158869743347168,-3.2161076068878174,2.0572378635406494
-2.9814672470092773,-4.017218589782715,1.0357513427734375
-1.5265575647354126,-2.96803617477417,1.4414786100387573
-1.4144972562789917,-2.8706588745117188,1.456161618232727
2.612694501876831,-0.3826501965522766,2.995344638824463
126.67472076416016,9.530166625976562,117.1445541381836
7.790668487548828,2.8773183822631836,4.9133501052856445
1.5550349950790405,-0.9465128183364868,2.5015478134155273
0.7775037288665771,0.6090726852416992,0.16843102872371674
-1.8102912902832031,-1.9251654148101807,0.11487418413162231
-0.8395229578018188,-2.2122507095336914,1.3727277517318726
8.554173469543457,2.0068893432617188,6.547284126281738
128.6364288330078,8.881555557250977,119.75487518310547
-3.64389967918396,-4.263350486755371,0.6194508075714111
-1.9222691059112549,-2.6506659984588623,0.7283968925476074
-1.199182391166687,-1.3231024742126465,0.12392009794712067
127.1677474975586,9.783808708190918,117.38394165039062
3.7140579223632812,0.7506486177444458,2.963409185409546
-1.3155851364135742,-1.3658266067504883,0.05024152249097824
137.87269592285156,14.49061393737793,123.382080078125
0.7385691404342651,-0.8426971435546875,1.5812662839889526
3.075654983520508,-0.6400738954544067,3.715728759765625
1.12030029296875,-1.1693248748779297,2.2896251678466797
-0.7736818790435791,-1.9863770008087158,1.2126951217651367
-1.9091054201126099,-2.6862971782684326,0.7771917581558228
0.15331745147705078,-1.445662021636963,1.5989794731140137
119.45635986328125,3.0465526580810547,116.40980529785156
-3.6267385482788086,-4.526261806488037,0.8995233774185181
-0.8190237283706665,-2.135514736175537,1.3164910078048706
-0.5507158041000366,-0.8256993293762207,0.2749834954738617
-4.207523345947266,-4.26349401473999,0.05597078800201416
3.968221426010132,-1.121582269668579,5.089803695678711
0.09168356657028198,-0.1858062744140625,0.2774898409843445
-3.8345587253570557,-4.248819351196289,0.414260596036911
-1.19038987159729,-2.492239475250244,1.301849603652954
133.17884826660156,10.342135429382324,122.83671569824219
134.98867797851562,13.28510570526123,121.70356750488281
-3.101980686187744,-3.6080636978149414,0.5060830116271973
21.819591522216797,13.784937858581543,8.03465461730957
0.34271466732025146,-1.7610951662063599,2.1038098335266113
-2.510216236114502,-3.4875779151916504,0.9773615598678589
120.99565124511719,3.5592777729034424,117.43637084960938
9.160579681396484,1.4260265827178955,7.734553337097168
3.5314183235168457,-1.8415902853012085,5.373008728027344
3.844866991043091,-1.8103182315826416,5.655185222625732
126.1112060546875,9.991259574890137,116.11994934082031
123.74372100830078,5.947108268737793,117.79661560058594
-2.1765129566192627,-3.9095053672790527,1.73299241065979
-4.021359443664551,-4.203161239624023,0.18180184066295624
123.27469635009766,5.544386863708496,117.73030853271484
